epoch,loss_C,loss_G,epoch_time_sec
0,-1.5103985771893504,-3.2021844980294847,27.69901949999621
1,-0.46023531578956767,-3.6132810691569714,43.70435980000184
2,-0.4565172023595648,-0.7102903337396206,58.52203009999357
3,-0.13141318919810843,-0.7510916362417505,89.07464579999214
4,-0.09348434739924491,-1.0561379289373438,122.14716220000992
5,-0.08800509183013693,-0.8842234087830528,151.01563670000178
6,-0.11019357033073902,-0.6974281765441311,176.8039335999929
7,-0.11233353160797281,-0.862006910264175,202.4709198999917
8,-0.12501438536225482,-0.6531440487963722,229.8425084000046
9,-0.40657308619548665,-0.07393068840945179,256.3402204000158
10,-0.4671574170411901,-0.10344088075687474,282.7735004000133
11,-0.4546539542142381,-0.06778097744508488,309.6461499000143
12,-0.4437676056934164,-0.06541775544372169,335.9215829000168
13,-0.4276277536026975,-0.10407208536771384,362.7404214999988
14,-0.43416794092097183,-0.15061835989472455,390.5765199000016
15,-0.3943772028481707,-0.11027685038874203,415.6740761999972
16,-0.40076874843303195,-0.030456029355248555,440.2949246999924
17,-0.38305080581218637,-0.0436611366084222,466.5703968000016
18,-0.38192206725161126,-0.0655969483926496,492.85725639999146
19,-0.4041081142425537,-0.07774007420224,518.2530774000043
20,-0.39524471834618996,-0.08166578485571006,544.0580079999927
21,-0.37337176444048575,-0.08122229047956817,571.2166838000121
22,-0.35498678511761605,-0.08275940566660558,595.6312051000132
23,-0.3733000923851703,-0.049418828126161975,648.3002758999937
24,-0.3606404435951659,-0.04492728473479919,704.2567869000195
25,-0.3339708187478654,-0.0555112801214799,760.1408297000162
26,-0.36124569863398026,-0.09246693545484301,815.5776037000178
27,-0.3680801343030118,-0.07381826797450715,871.9358627000183
28,-0.3579418123909768,-0.0958209592314001,926.1104143999983
29,-0.3310424946977737,-0.10153927489560335,987.4618563000113
30,-0.34637851722696994,-0.0910535764989463,1045.5997610999912
31,-0.3160640944064932,-0.12650323810521513,1102.0356625000131
32,-0.3298402324509113,-0.10964178337537228,1152.7305760000017
33,-0.33288496324356565,-0.10174284496399118,1204.3497950000165
34,-0.3062788911702785,-0.0841521980240941,1256.1815634999948
35,-0.2952555166280016,-0.061415662056707,1311.6297979000083
36,-0.32483873352091364,-0.03973812220551252,1366.0932591000164
37,-0.2956561966779384,-0.11205264886722285,1421.0781194000156
38,-0.29394467532000645,-0.058072874201659824,1473.346987099998
39,-0.2869025254376391,-0.062065515380867936,1524.8281816999952
40,-0.29806591430243023,-0.08387452554145947,1577.6782420999953
41,-0.27863996167132193,-0.06616823216999307,1629.5513983000128
42,-0.3071143940915453,-0.04962390545914148,1681.8326546000026
43,-0.2893877483428793,-0.05369712564737556,1733.7863727000076
44,-0.25746802706667715,-0.06800304053281929,1787.8339721999946
45,-0.2726541678575759,-0.07387063408944201,1841.8381564000156
46,-0.23570063360828034,-0.07651825073234578,1896.5645135999948
47,-0.2580483219312861,-0.092225159793359,1950.0012756999931
48,-0.24728491177584264,-0.06221950406386973,2003.0025773000089
49,-0.2517994902679261,-0.12453188158167981,2058.3492081000004
50,-0.23713238376252194,-0.0676635529969799,2109.1888841000036
51,-0.25256493993262025,-0.0925074233415913,2158.7588800000085
52,-0.23524527153436173,-0.22965395587318121,2209.5102737999987
53,-0.2815721175264805,-0.48698947112809154,2262.347690499999
54,-0.2555617790526532,-1.289446179917518,2314.2952454000188
55,-0.18724236178905407,-1.4286897800070175,2365.6619465000113
56,-0.17371292725522466,-0.9518443001711622,2417.731398700009
57,-0.11493937436570513,-1.5189898930965586,2468.8943631
58,-0.10425546275808456,-1.0120971844888274,2521.5846086000092
59,-0.18749279992377504,-0.21081970309432438,2573.326299600012
60,-0.16504729480502453,-0.07901914403823383,2626.2547025000094
61,-0.16870426354256082,-0.09167253332846659,2677.876086400007
62,-0.16828693207274092,-0.04012886122949025,2731.5778781000117
63,-0.17149092949451283,-0.04394258278684611,2786.5878367999976
64,-0.1743449218824823,-0.06176723595708609,2841.0964357000194
65,-0.15576517706855814,-0.05265031279401576,2896.6378949999926
66,-0.1781248855210365,-0.06532767546224467,2952.093416799995
67,-0.1615314026684203,-0.04015387051659537,3007.059496700007
68,-0.1741560489192922,-0.04633353959590672,3061.557228599995
69,-0.16502873147421696,-0.05495172924129292,3116.809312600002
70,-0.16286306420539287,-0.05730778986905166,3171.8933765999973
71,-0.14984551392971202,-0.05655558838885515,3227.361157300009
72,-0.15550800791446198,-0.055846409633399006,3281.786055400007
73,-0.1528995935967628,-0.053458890413736644,3340.889300700015
74,-0.14711300701219984,-0.05521941012752421,3395.884360600001
75,-0.1557163605886571,-0.0768305910513439,3453.835921699996
76,-0.1460352251028761,-0.1935099419454073,3517.3955944000045
77,-0.17201855547884679,-0.8196626305164016,3579.7528186000127
78,-0.1781284998832865,-0.696266233128436,3636.6385912999976
79,-0.21449904322624205,-0.7426971718351891,3691.584680400003
80,-0.2102355637639127,-0.4242256657042085,3753.176302100008
81,-0.20935322312598534,-0.07235070156389253,3814.9950931000058
82,-0.23158223739329806,-0.06403661996839528,3874.487728200009
83,-0.21455406015857736,-0.05962725742348529,3937.977293600008
84,-0.21830923641615727,-0.04874754291959107,4001.677191900002
85,-0.2130678473444695,-0.05278971368357777,4066.0493811999913
86,-0.2127927075865421,-0.05167062388970814,4128.808380700008
87,-0.20537114992420724,-0.057872199409819663,4190.478564399993
88,-0.2096155877379661,-0.04780459245320093,4251.137508600019
89,-0.21441324653143579,-0.04840086430182403,4314.273381200008
90,-0.2054239023365873,-0.04446635771384264,4376.740611799993
91,-0.20707775013243898,-0.051952362379574395,4439.542338600004
92,-0.19246829867362977,-0.06124860208005981,4500.554547300009
93,-0.18399873855900256,-0.0931163121252618,4564.767245499999
94,-0.19073212407370832,-0.06684368193803474,4627.244624200015
95,-0.19751535857611513,-0.05567219819764587,4690.135146100016
96,-0.19827953851603447,-0.04499274964365078,4752.022321600001
97,-0.1973354863930256,-0.056165781611219996,4814.934715700016
98,-0.1953023015121196,-0.05781360473929647,4876.8539725000155
99,-0.18096625140372744,-0.15841917182477389,4938.874024399993
100,-0.24117464976107822,-0.6717814890628165,5002.164610600012
101,-0.16999263002517376,-0.9725185777278657,5063.580156800017
102,-0.15653970426701486,-0.8321679162218215,5124.409975100018
103,-0.10051399976649183,-0.8969006401427249,5185.382092400017
104,-0.1846070462338468,-0.32147903281283824,5246.363560400001
105,-0.1878210750475843,-0.16135059020264034,5309.011948200001
106,-0.20299632645667867,-0.07282994962792765,5369.646271100006
107,-0.19765571034969168,-0.0660830471922267,5431.065283000004
108,-0.2105730613432032,-0.05723995471898308,5492.332865900011
109,-0.19255915308252294,-0.06489827852210704,5553.59103890002
110,-0.17836835435730344,-0.0644163416985898,5614.113853599993
111,-0.1803084805354159,-0.05915693275907889,5675.020803399995
112,-0.1902568797228184,-0.05966336985732964,5736.199216100009
113,-0.19207674904706631,-0.054642856429192296,5797.387596100016
114,-0.1722224659520261,-0.05833675569874492,5857.570008800016
115,-0.17971799556879287,-0.0763538912929436,5919.293821800005
116,-0.18060312384620625,-0.0739454985328732,5982.554145600006
117,-0.1808677537644163,-0.061409430774275534,6043.937252500007
118,-0.17755262415459816,-0.06553485341657429,6105.456755299994
119,-0.16244065678500114,-0.07307509346865118,6167.6192307000165
120,-0.16866979409405525,-0.07164028602493729,6230.250554600003
121,-0.17583047684202802,-0.07365558084615685,6291.657966300001
122,-0.16276284624287424,-0.0637051216103731,6354.422657899995
123,-0.1646825369938891,-0.07636196323412847,6417.067310700018
124,-0.16820208340883255,-0.07667965768796808,6479.598053499998
125,-0.163434949916728,-0.07390483499286657,6542.688226900005
126,-0.1657563526516265,-0.06703981391520814,6604.348233700002
127,-0.16754906433693906,-0.07660220705388866,6664.796511099994
128,-0.15942954991092073,-0.06760184712549473,6726.589788300014
129,-0.1650092634305041,-0.06917087946661768,6787.335597700003
130,-0.16846384654019742,-0.07340625064729892,6848.700692999992
131,-0.15543741933525876,-0.09262149510607916,6909.860594900005
132,-0.16926095658477316,-0.0774150159863874,6972.867407500016
133,-0.15335051355209756,-0.07352366755577795,7033.914293900016
134,-0.1470870113499621,-0.11147217801227136,7095.70310850002
135,-0.15475038860706572,-0.07105886552661182,7156.672431100014
136,-0.16207926253689095,-0.0746806764316329,7217.312378100003
137,-0.15130205799924568,-0.06874176415495892,7274.938311100006
138,-0.15976961167568857,-0.07264608878127121,7336.149778199993
139,-0.1490160215091198,-0.08323719374776045,7392.604501099995
140,-0.14531103623040179,-0.08116934165863836,7450.492526400019
141,-0.15671440256085803,-0.08177607728445783,7506.453586999996
142,-0.14250772211779938,-0.09650830640705263,7564.3897710000165
143,-0.14099461505070646,-0.07303780243246559,7628.1587527999945
144,-0.15268894222822596,-0.08497966751357183,7687.742437800014
145,-0.15264199386251734,-0.07597641706308152,7740.133738000004
146,-0.15428794276841143,-0.07815815433612133,7791.375287200004
147,-0.147941910513538,-0.07557883654086989,7842.4426829
148,-0.14569413290378896,-0.0795616066053589,7893.4158027000085
149,-0.14331752408692178,-0.11845935437570702,7944.957848899998
150,-0.1474052793802099,-0.10509267527649695,7995.929863700003
151,-0.14294623414252666,-0.10727539815484209,8047.737041000015
152,-0.1385976100158184,-0.11495917791084564,8098.965679300018
153,-0.14442613626414158,-0.11693979480224563,8149.985314199992
154,-0.14881087596112108,-0.10159410663602993,8200.862447399995
155,-0.1603494008456139,-0.36832700642222105,8251.326318600011
156,-0.21686259508132935,-0.8066447018308842,8302.007340100012
157,-0.19258436461712453,-0.928470234921638,8344.457893300016
158,-0.1898310574572137,-0.8317446619906324,8366.826510300016
159,-0.1403256012531037,-0.8284976784219134,8388.095365999994
160,-0.11246532394530925,-0.858425769907363,8411.607805700012
161,-0.13994464372066742,-0.6340630142374876,8434.997559200012
162,-0.1844436466741435,-0.06890013235759862,8470.018893500004
163,-0.15024550528285352,-0.11561110817748023,8526.683346000005
164,-0.1337082085615777,-0.12700720947691577,8582.8995459
165,-0.15423511493079206,-0.09161218954844677,8639.733891900018
166,-0.1581431155762774,-0.08473573671059406,8696.085534600017
167,-0.14497185335514393,-0.09207881716020563,8753.803848300013
168,-0.14491512881948593,-0.10143448968338681,8777.309578100016
169,-0.14012094682201426,-0.12329132090659535,8797.911762000003
170,-0.13649716720936148,-0.18842423166782457,8818.749960799993
171,-0.14576720615650746,-0.8488695942341014,8840.558305100014
172,-0.11497169215628442,-0.8289682288119133,8862.2772367
173,-0.12995162091990733,-0.7612358781568548,8883.989344400004
174,-0.16252833283327994,-0.7999302367818483,8905.813839200011
175,-0.10649381737759772,-1.077335191026647,8927.429051100014
176,-0.16286027650249765,-0.2644261931584395,8948.470625799993
177,-0.16307600707053505,-0.16538138538301783,8968.235048800008
178,-0.1327674335368136,-0.45532426529742304,8987.750432600005
179,-0.1335074380801079,-0.9015616881086471,9028.372598699993
180,-0.10532022638523832,-1.2391856672916006,9095.339651200018
181,-0.14428306845591424,-0.4296432382387525,9159.058514000004
182,-0.1528154609067009,-0.4942186299518266,9223.104769900005
183,-0.13606049453958552,-0.5400630037121951,9287.138957599993
184,-0.13289317297174574,-0.13421851759677397,9353.046537499991
185,-0.13936227439248816,-0.6282179118589835,9417.6268997
186,-0.08459824171472104,-1.2815015833428565,9483.777061
187,-0.10636482407437994,-1.0356988272768386,9549.190491899994
188,-0.12634448956935965,-0.9092551719635091,9619.583116399997
189,-0.12371337517778924,-0.9211133452171975,9682.39493390001
190,-0.10492287208425238,-0.8544840969303821,9744.957722399995
191,-0.1377840670784737,-0.26250551874907885,9807.534034700016
192,-0.13675813462188904,-0.20069453263794013,9871.380604000005
193,-0.13762717474965339,-0.3763700710530294,9943.074062300002
194,-0.129960463991032,-0.1248241524033724,10011.90511230001
195,-0.11861484336092117,-0.7027479868728984,10074.701453999995
196,-0.12265667466407126,-1.060590362168373,10137.467130500008
197,-0.10347090095281601,-0.8912580278008542,10205.70433420001
198,-0.07602251013542743,-0.9757945023952647,10267.9233045
199,-0.05848888606467145,-1.5374883476724015,10333.980437899998
200,-0.03998118978865603,-1.5974218256930088,10396.865974000015
201,-0.04201056408755323,-1.1062273548004475,10462.7182761
202,-0.04017345040402514,-1.229866199036862,10529.77581620001
203,-0.036466114622481324,-1.1526434918667408,10595.00740860001
204,-0.03986861434388668,-1.167370322283278,10650.79849440002
205,-0.030699673155520826,-1.243120709505487,10721.699010500015
206,-0.22175352494767372,-1.836000346701513,10774.911348399997
207,-0.137601235648419,-3.3710731890607386,10800.083510299999
208,-0.0480350357420901,-2.62012781133043,10849.914614900015
209,-0.11479841252590747,-3.030816368853792,10908.048033800005
210,-0.13055945731540944,-1.6790021593840991,10967.31568910001
211,-0.24747557169579446,-1.6107351976426991,11026.13534410001
212,-0.19542299642366298,-1.466386254131794,11085.592036599992
213,-0.17351652744285603,-1.8728258993793676,11146.028224000009
214,-0.08573397169721887,-3.2144311955634586,11174.112045100017
215,-0.10332959225837221,-3.163537748823775,11199.151010300004
216,-0.09860503550539626,-1.2755669928611593,11225.048787000007
217,-0.10042326351429554,-0.3606710207272083,11250.1098681
218,-0.21032010103793855,-1.0030004303149402,11276.041427599994
219,-0.1688725832168092,-3.260998595521805,11302.25620840001
220,-0.08094631519723446,-3.1560303023520935,11329.186550000013
221,-0.0854411433098164,-3.4381333488099117,11355.467308799998
222,-0.07449202583270505,-2.29566913943817,11381.719892299996
223,-0.1929413972446259,-0.40542329135251803,11407.50344890001
224,-0.20981663537786363,-0.31385465939628315,11433.756799399998
225,-0.23566985089728174,-6.015642662251249,11458.6575036
226,-0.23455079991766747,-7.839360257412525,11490.787846499996
227,-0.18951415021368798,-6.4079534104529845,11513.267805200012
228,-0.19810130002650808,-6.268284673893706,11534.737468200008
229,-0.2065530219388769,-0.6420199529347109,11556.993584200012
230,-0.20586854671544216,-0.25896403378945715,11581.102495400002
231,-0.19440122049539646,-0.5062727272193482,11605.3061016
232,-0.23184958090173438,-0.23534794430783454,11627.955293600011
233,-0.16173562722320253,-0.20310438576828133,11650.424185300013
234,-0.18927598615276053,-0.17077335736496335,11674.897924199991
235,-0.20647975868367135,-0.19952094215265614,11701.482826599997
236,-0.17200249466807285,-0.153902277709084,11726.323885599995
237,-0.18718124916261816,-0.15408028347932912,11750.2331365
238,-0.18453043868567082,-0.1421954494904717,11775.869280700019
239,-0.20193034882241107,-0.2658851875348928,11800.33786
240,-0.1706910235133577,-0.2360402507667846,11824.991152500006
241,-0.1741390033985706,-0.2906091689929723,11848.965378499997
242,-0.17164959714133687,-0.19975761768031627,11871.734553799994
243,-0.1750576661114997,-0.17743483294604068,11896.507340000011
244,-0.1636219085277395,-0.1455586317678953,11948.684098900005
245,-0.17132097159928464,-0.4495482292858527,12018.505869899993
246,-0.15775118615399017,-0.44242744481468455,12083.756573199993
247,-0.2225984176929961,-3.665732589681098,12140.503404200019
248,-0.2249980534898474,-6.72431186818062,12190.0702361
249,-0.19307829065525786,-5.6604117109420455,12246.499482300016
250,-0.15816888322221473,-8.270159984142222,12302.286245800002
251,-0.16000165959621998,-7.418799514973418,12358.380321200006
252,-0.16656182943506445,-5.739987883669265,12414.266265200014
253,-0.131046324892247,-5.62958138394863,12471.115672600019
254,-0.1490809182917818,-6.021596510359582,12526.5654393
255,-0.1319724513114767,-5.910889847735141,12585.608360100014
256,-0.13911530170034855,-6.474463635302604,12644.585957000003
257,-0.10309679733945969,-5.077023861256052,12706.161762300006
258,-0.14390751493738052,-6.327706856423236,12760.664271400019
259,-0.11696125821864352,-6.848956526593959,12817.604255800019
260,-0.121027767708961,-5.462380702952121,12881.391418100015
261,-0.12915602481111568,-5.929047578446409,12945.653499100008
262,-0.12445831339410011,-5.374232710168717,13007.345881100016
263,-0.1330554960129109,-3.963035002287398,13067.208639699995
264,-0.11150907952100672,-0.1292960128578496,13130.223892800015
265,-0.16369922353549207,-0.5835881974349948,13192.905161300005
266,-0.17327151603204138,-0.20507700169815662,13254.3912097
267,-0.17692918899211477,-0.19736983706342412,13316.290500800009
268,-0.17261838598454252,-0.5212917029595082,13380.089102099999
269,-0.15526236211999933,-0.21361116575934191,13440.369790199999
270,-0.15861162263662257,-0.15315454992604383,13499.96354680002
271,-0.17627237449935143,-0.17606186771844612,13559.88354890002
272,-0.15523627593162212,-0.1435123801469169,13622.425943300012
273,-0.16581723715396637,-0.16879805277715973,13677.442749000009
274,-0.16738018687735212,-0.15446638385666178,13747.559963800013
275,-0.16225825152181564,-0.1999221109359109,13816.191221200017
276,-0.15300481207510258,-0.22202215511946286,13852.335397599993
277,-0.13341086731629168,-0.3414654725696892,13885.583501400019
278,-0.14994895995931423,-0.3149391414320215,13913.267950900015
279,-0.14192250888398353,-0.2601672234053307,13941.567986700014
280,-0.14723436863181438,-0.23399037790900848,13971.174306100002
281,-0.15380894862590952,-0.24152260948210322,14000.401152200007
282,-0.1437697933360617,-0.5215673696447877,14028.757506900001
283,-0.14035729368633412,-0.21016906992472867,14055.741842599993
284,-0.1463331824445978,-0.2604828689049216,14085.420340200013
285,-0.14383495388829962,-0.4194540271555331,14114.97932080002
286,-0.20130603810574146,-4.938735831037481,14145.131363499997
287,-0.19527305136335657,-6.511415292861614,14175.4476746
288,-0.17317580618756884,-6.646151471645274,14203.594505999994
289,-0.16347349572688974,-6.075875327942219,14231.272021200013
290,-0.11351173725533993,-6.458395966063154,14260.813932199992
291,-0.13547365614708434,-5.860972172655957,14290.68247140001
292,-0.11021664183190528,-4.885958479820414,14319.922234500002
293,-0.11795442773940715,-5.538403748451395,14349.729718899995
294,-0.10039940012262223,-5.930619211399809,14378.653622100013
295,-0.11183463167636952,-5.2516400129237075,14406.601676399994
296,-0.0990046746680077,-5.970927537755763,14435.895440199994
297,-0.09305198040414364,-6.152184072961199,14466.38821450001
298,-0.11412856710718033,-5.763363261933022,14497.525448100001
299,-0.1163634001955073,-5.654392920149133,14528.851685700007
