epoch,loss_C,loss_G,epoch_time_min
0,-0.925727818555377,-2.928383591411477,0.4104195083336284
1,-0.572944535296014,-2.7295922091666687,0.7650094149983488
2,-0.5199033824940945,-2.676091757670362,1.0804616500002642
3,-0.8004250920326151,-0.4265786696265035,1.3652329833324377
4,-0.5039911008134801,-0.5323929444510251,1.6946670099976473
5,-0.473201495789467,-0.0835535422026952,2.023110401665326
6,-0.4565093476721581,-0.0626996578064132,2.331423928332515
7,-0.4379124367744365,-0.2499601989707097,2.627763003332075
8,-0.4010659663981579,-0.2093436782902225,2.9466125449980605
9,-0.3880971682832596,-0.2378351057423873,3.2827589849980243
10,-0.3985590874895136,-0.2254863940100086,3.6907101866672747
11,-0.3884624037590433,-0.1783744619584622,4.010281079999792
12,-0.366345260853463,-0.1559089928607832,4.300477106667434
13,-0.3363533385129685,-0.0967556834686547,4.616433668334503
14,-0.3157715366495416,-0.1183548044770004,4.960611003334634
15,-0.300240268897503,-0.3657259568611675,5.306962193331371
16,-0.2747254643161246,-0.2705004897404541,5.668125678331125
17,-0.2796005374700465,0.1382781664127523,6.025865271668105
18,-0.3070844582420714,0.2989485304763025,6.375800453332098
19,-0.2775677401081045,-0.1682088452470587,6.739330200001132
20,-0.2645611073362066,0.0987652547657489,7.07247472666592
21,-0.2595834528638961,-0.2084499753516246,7.386548106667275
22,-0.2781563100662637,-0.2487693523492743,7.730851359999119
23,-0.2753006153030598,-0.2327946233107371,8.080022288331142
24,-0.2634298355275012,-0.1664518528072995,8.443250248332818
25,-0.2625815052428144,-0.1126652889667039,8.80057590166495
26,-0.2523971469858859,-0.119482128748155,9.160687381665532
27,-0.2581692022338827,-0.0779370414707413,9.476471224997658
28,-0.246216214134338,-0.13176872391115,9.79336894666776
29,-0.2419429960783491,-0.1411586003596002,10.087135965000682
30,-0.2338909603687043,0.0147480459745101,10.385702748332793
31,-0.2246664492817635,0.4216544038913351,10.718192355001035
32,-0.2341597230890963,0.2695060177290059,11.043422651667303
33,-0.225367739986866,-0.1784627674984686,11.393009204999544
34,-0.215375436328827,-0.1552159929885826,11.72414200999774
35,-0.2160205336580885,-0.0605124261111338,12.075780898332596
36,-0.2139467265377653,-0.1074828512986448,12.410838618331278
37,-0.2082262375760585,-0.0855481281638779,12.771881703333928
38,-0.2122350455027945,0.2481616176625198,13.11245148833453
39,-0.2230424910783767,-0.1412428332284648,13.458816583334313
40,-0.2622756274456673,0.0723486083985722,13.784365048333227
41,-0.2659716710923834,0.0461914693797997,14.141012243332806
42,-0.2428085888953919,-0.0078234835096852,14.495777543331496
43,-0.242200361540977,-0.0470420427006134,14.861159441666677
44,-0.2285078934849576,-0.0487429338923477,15.193440421666793
45,-0.2378216199798787,-0.0366691149374906,15.554412411665544
46,-0.231685322053889,-0.0125228305872371,15.953107838332652
47,-0.2299242982268333,-0.0282279624316365,16.32807921166532
48,-0.2151173026384191,-0.0578951993516269,16.73447802000058
49,-0.2115464600476812,-0.0963573204264282,17.526731986665013
50,-0.2078401460672946,-0.0676966915303405,18.526232531666754
51,-0.2085352704055766,-0.0209784639206655,19.49494231666516
52,-0.2145644544921023,0.0038322002894463,20.409205756666292
53,-0.2333262146216757,0.0300706380116257,21.32565804666762
54,-0.2154974753488885,0.0062005619865227,22.221958668332082
55,-0.2158113369409074,0.0153945255306291,23.12790252166645
56,-0.2007335922439047,-0.1079343840197481,24.08243196666784
57,-0.1910346623304042,-0.1948941185198565,25.091891399999927
58,-0.1851155514539556,-0.1769465108917273,25.987618423334787
59,-0.1802241239522365,-0.2128921401330289,26.896012281665268
60,-0.1893925848920294,0.3269780279474055,27.762591903334638
61,-0.2148134890642572,0.3086514564587714,28.155442421666034
62,-0.2210964327353112,0.0829291327638512,28.573667205000916
63,-0.1957749201959752,0.0493476882259896,28.977926783333533
64,-0.1902482951701955,0.0204341227030183,29.595490044999558
65,-0.1902202703914743,0.029588493489799,30.021131788333882
66,-0.1851735306420224,-0.0066893174635008,30.44640401666595
67,-0.177806735140212,-0.0185859627912732,30.80488325333378
68,-0.1809531291558387,-0.0748513722296883,31.16977175999976
69,-0.1832958488958947,-0.0839927474155705,31.52832291166608
70,-0.1851644212641614,-0.0805111829250892,32.1494647116672
71,-0.1977952226425739,-0.0075121058329464,32.541452083333084
72,-0.1992971278568531,-0.0121780204923546,32.87985642666463
73,-0.1843117912589235,-0.0210810833328225,33.239904743332104
74,-0.1923063114095241,0.0091634327307977,33.58409712999904
75,-0.1893975224583707,0.0201724075206971,34.020658751666396
76,-0.1839429443947812,0.0168137026727794,34.428713538334705
77,-0.1896362485720756,0.0433640336043181,34.73699058166628
78,-0.1778960167981208,0.0177188473486123,35.116750568333856
79,-0.1775140620546138,0.0076356974891089,35.45866132999848
80,-0.1782887451762848,0.0120534404914112,35.84072815166631
81,-0.1738094876231031,-0.012589599194124,36.221745174999036
82,-0.1668247452314863,-0.0492943543722813,36.59672774000015
83,-0.163850137591362,-0.0520353890271817,36.96089046166744
84,-0.1675515315253684,-0.0094029002010505,37.3848851183313
85,-0.1792311495764458,0.0264451604425669,37.791483838332354
86,-0.169776014032516,0.0360214115070932,38.137356014999874
87,-0.1705276003226321,0.0245915831413437,38.55676110166436
88,-0.1690073267449724,0.0218784126314394,38.87317244666629
89,-0.1713043822696868,0.0081014577125971,39.20380264833414
90,-0.171683017421276,0.0379562609739839,39.53682821999925
91,-0.165809077404915,0.0708074709816657,39.864409206667915
92,-0.1613085747938206,0.0012530424889731,40.16547921666643
93,-0.168855664495458,0.0140305268132385,40.47878282666594
94,-0.1612315295921995,0.0010271272002818,40.76958509166725
95,-0.1527183275400324,-0.0106981916838583,41.12106713999916
96,-0.1561402500563479,-0.0050541152751588,41.464473390001025
97,-0.1595483334203984,0.0046771068324116,41.856705164998615
98,-0.1609810849136494,0.015853389420923,42.4183974200006
99,-0.1510039776310007,-0.0218869897546841,42.89628682999949
100,-0.1581154694963008,-0.0012233733868305,43.33599702833453
101,-0.1574477306198566,0.0042398474857884,43.922568124998364
102,-0.1590980240258764,0.0164479481442732,44.30885094166733
103,-0.1513624315185749,-0.0116288630182835,44.78942297833273
104,-0.1485892258299158,-0.0238960126984587,45.20780313666522
105,-0.1444475330951366,-0.0088306588814296,45.53672549333423
106,-0.1460525817883775,-0.0402648089552654,45.92393277333273
107,-0.1484015469284768,-0.0042889447996709,46.40719184333382
108,-0.1493050391306268,-0.009239876605174,46.777266324998344
109,-0.1547982933166179,0.0228512565268481,47.18978353166798
110,-0.1499850035823406,0.014292681360855,47.587962433331015
111,-0.1460626070930602,-0.0104071686440642,47.948183058334195
112,-0.1524772194757106,-0.0006231694947928,48.344359348334066
113,-0.144302167264705,-0.0104553529472546,48.72480592333401
114,-0.1400790797903182,-0.0013367464731229,49.076389684997665
115,-0.1378533837008983,0.0127799317171361,49.43194543666517
116,-0.1461282061642788,-0.0005055269493939,49.93216468999938
117,-0.145844350606203,-0.0144202557179403,51.4665446533317
118,-0.1438950738944905,-0.0091887452986408,52.97363190833324
119,-0.1366536066728703,0.0003914450770838,54.409741168333376
120,-0.1339036550166759,0.2364597546531165,55.45084970000122
121,-0.1304559336063709,0.30927789423694,56.34769908833162
122,-0.1287306814181043,0.1437197132006366,56.993180360000885
123,-0.1388073785634751,-0.0789729612760562,57.35750672333331
124,-0.1365973349771601,-0.1266216525689084,57.67419078499855
125,-0.1325631467459049,-0.0927388313057971,58.032874449998296
126,-0.1291826215069344,-0.0676268684979964,58.35352634166678
127,-0.1310618757250461,0.004077664455597,58.67183826833109
128,-0.1389773037458987,0.1937900814604252,59.042673923331314
129,-0.1535097969751409,0.2951938368063024,59.38216457833381
130,-0.1754197622740522,-0.9429510662134024,59.69779532666629
131,-0.188940419821029,-1.5008450089458456,60.02584550333365
132,-0.1639756784794178,-1.2702599710606517,60.38614933500067
133,-0.1488466261485789,-1.297293098952542,60.75886367999871
134,-0.1615786200888613,-1.0241093590736705,61.138521218334795
135,-0.1351882760068203,-1.3586705872353086,61.50966859333373
136,-0.1266367280293018,0.0036419298539453,61.84473804666583
137,-0.1282132336497307,0.0071821038527017,62.22797447166716
138,-0.1295249135570323,0.0237931894133501,62.54610515499953
139,-0.1247616546268158,0.013278837298152,62.90248792333295
140,-0.1185330598975749,-0.013374397964613,63.326145324999615
141,-0.1132587571885991,-0.0540144223848635,63.70749141999987
142,-0.1084740456748516,0.0303352333625104,64.08887303000083
143,-0.1061387304422703,0.0317055732695425,64.45250130833205
144,-0.1028923833497027,0.0484462952825855,64.79046110333098
145,-0.1447528807866446,0.25791558021521,65.18978296833423
146,-0.1716585484194628,0.2156224005954696,65.50773442999926
147,-0.1364749453613098,0.1186466416145892,65.82563410333435
148,-0.1341293916470827,0.2397647754507179,66.16201524666589
149,-0.1124530464283963,-0.4721984750571403,66.55461920166466
150,-0.0964683352062042,-0.8246423491138093,66.98399199166646
151,-0.0786661413502185,-0.6948142206970047,67.35536999333416
152,-0.0828170903566035,-0.2754622601468037,67.75079231166747
153,-0.0779450058112753,-0.2725770624869681,68.11487869833363
154,-0.078111297098246,-0.1553466708310186,68.46780968833482
155,-0.078087813575217,-0.112995937767815,68.86254242499902
156,-0.0783749837935604,-0.0498220542262486,69.25572316499893
157,-0.0779696589446765,-0.0861552893639879,69.64042793000117
158,-0.0820838117329998,0.1753110149429437,70.02934434666531
159,-0.1330445597273238,0.4774353681488874,70.41653396833378
160,-0.1093993889595917,-0.9220200855483084,70.80832897166644
161,-0.1214817561550026,-0.335913673548543,71.17292003666516
162,-0.097206693890881,-0.4935410842854292,71.57017609333464
163,-0.0921030198489415,-0.5381019332743389,71.91759220499856
164,-0.0753459771627441,-0.2505684424825805,72.30368621499899
165,-0.0886144842865302,-0.2029539241950879,72.64327936333139
166,-0.0997118098383888,0.2061655488657824,72.97388641833095
167,-0.1012738722166482,-0.1166307013660193,73.29302280499833
168,-0.0656014110893011,-0.4793283100487625,73.62425094499874
169,-0.0675320417988807,-0.0599889808512748,73.94484441999812
170,-0.0687707788782551,-0.0414035689719813,74.30497063333169
171,-0.084261050743467,0.0746131630792738,74.66866765166633
172,-0.0926992070611487,0.0961157942061966,75.05582223166712
173,-0.1056660779850914,-0.0445989773370959,76.47181077499796
174,-0.1214920531530329,0.1766937615131919,78.05514804666551
175,-0.155947083228446,0.48994174998531,79.42712690833335
176,-0.1545944567563686,0.5153559019590946,81.11786311999894
177,-0.145547935328585,0.4466358527224114,82.40367173833462
178,-0.1454715439360192,0.3124036247425891,83.73247008333371
179,-0.1362414319337682,-0.1015384279013155,85.07227530833333
180,-0.1319121263667624,-0.0769178365961589,86.43360457166564
181,-0.1312498086912835,-0.0850233855786079,87.76783610500085
182,-0.1249947451562323,-0.0771065747008678,89.11741952166582
183,-0.1240951638621218,-0.0476050945043445,90.48508705833228
184,-0.129856317033793,-0.0321403403677284,91.82940928000025
185,-0.1260288831464787,-0.0279055391274828,93.19359866000013
186,-0.1253004467265403,0.0023142610280279,94.55562938333411
187,-0.1293613577396311,0.0184586490910658,95.88991133500048
188,-0.1203952425908535,0.0008217316269478,96.87432137499951
189,-0.1187382785849114,0.0003233309369534,97.86098397000072
190,-0.1131959938670092,0.0909253589650418,98.88459204999963
191,-0.122369173410091,0.4193838589368983,99.86845055333107
192,-0.1096135435649689,0.2794095066712891,100.85830348666447
193,-0.1415665318927866,-1.5619624430947798,101.834519854999
194,-0.1307142041179728,-1.9067536868234265,102.8349747983312
195,-0.1407709273378899,-1.5373069070755168,103.8215064283344
196,-0.1316993123166104,-1.644766095217238,104.8200932883347
197,-0.1308077314939904,-1.6578114593282658,105.81571218333362
198,-0.1389909581174241,-1.4844622641167742,108.35034113999767
199,-0.1162188891654319,-1.4285413295664686,108.84355061833436
200,-0.0791143351412834,-1.8546634367171757,109.33893234166705
201,-0.0590048796794515,-0.7765307058897266,109.51785278333118
202,-0.0636513444400848,-0.1822243875407792,109.91937571333256
203,-0.0653948624432086,-0.3493658070630849,110.32120240333414
204,-0.0846204104702523,-0.6575777876468256,110.73068489833192
205,-0.0906844104224063,-0.2660312046990433,111.11118068666741
206,-0.089963495277978,-0.1814305663247533,111.45416220333428
207,-0.0899278936582676,0.0191797553105874,111.75277696166498
208,-0.0911591477058035,0.0346724001958252,112.12349713499813
209,-0.0902369601802623,0.0242298518802891,112.51061883166743
210,-0.0898818662255368,0.0701754930468791,112.8823028216643
211,-0.0897464241753233,0.0938671469817215,113.30711877333233
212,-0.0916360100842219,0.0989204281014687,113.65425889833132
213,-0.1095384766193146,0.1313922160364529,114.06270363666505
214,-0.1409516827682865,-0.2436776074323248,114.46483202499803
215,-0.1364797759801149,-0.0739682328907099,114.84823843999767
216,-0.1268683417648711,0.0224895650164244,115.21094666666662
217,-0.0875455082921271,-1.5096976780669489,115.63125295999926
218,-0.0251999976406706,-0.9412204049369122,116.03949332666429
219,-0.0231603237415881,-1.6944113224110704,116.44740449333331
220,-0.026730244666972,-1.542869815420597,116.85661274500113
221,-0.067779030829985,-0.8500506177544593,117.25498260333357
222,-0.1109453721994415,-0.031246001164409,117.59196391333438
223,-0.0976088881492614,-0.0548436801127613,117.89356262833267
224,-0.072818531350411,-0.2491604119895937,118.24593476166483
225,-0.0714271261416217,-0.1727306255337564,118.53448457166475
226,-0.078985476367017,-0.0253843713442775,118.92733188333223
227,-0.0763113267244176,0.1147575767284774,119.29091644833098
228,-0.0782002774229709,0.055341117813232,119.71142253333237
229,-0.0814835036308207,0.1094232522545659,120.09093352166626
230,-0.0833603727373671,0.0597506871199274,120.51453007999808
231,-0.0884147112800719,0.0354300336307905,120.92723516666639
232,-0.0973395245221067,-0.0003635901521812,121.27834100833473
233,-0.1433403367121168,-0.1710760871146587,121.63941270333405
234,-0.1317153140696439,-0.5637549427833329,122.05977027166712
235,-0.081750315010072,-0.626083752259295,122.4267121883342
236,-0.0925346094726565,-0.5358417207177015,122.77627263333416
237,-0.0834796642781572,-0.7126977493273134,123.16184927000043
238,-0.0811202397839503,-0.5526417071713094,123.54162044166587
239,-0.0322419075984904,0.6203786265342793,123.95410594999946
240,-0.0220115474710597,-0.0293384525330459,124.34198590333108
241,-0.0590932024642825,-0.3864406538374246,124.70836712833261
242,-0.0816481515915786,-0.4217469491876979,125.10716656500009
243,-0.1105854113843846,0.1884683890783406,125.47088377166462
244,-0.0899747446781777,-0.4487461025291618,125.83886640499888
245,-0.068988212422329,-0.2577423341017454,126.23875279499916
246,-0.0673669867653479,-0.3538640927444113,126.69154942666646
247,-0.0740977963793309,-0.2845360775002615,127.11170463499924
248,-0.0775920482233483,-0.2045032106617346,127.60612397333219
249,-0.0734167612978118,-1.1821725426122862,128.0975932300013
250,-0.0408771269197793,-0.3684610898467771,128.50647489833256
251,-0.0649008283589748,-0.1452828471707378,128.98220302833167
252,-0.0641616041431243,-0.1792047770099437,129.40045497999915
253,-0.0582820751042442,-0.1417287324951525,129.87637972000132
254,-0.0624625922961437,-0.044369695145399,130.30040543999834
255,-0.0580551182478666,0.0035389301485996,130.72415163166588
256,-0.0611235879345777,0.0586425329320766,131.11137009333274
257,-0.0621888475643193,0.0950674221454624,131.5181000550006
258,-0.0658513121512976,0.0374343212981252,131.9418631183333
259,-0.0694539454500091,0.018043293762318,132.34220362333193
260,-0.1106349395580114,0.0728208914518039,132.67172340500014
261,-0.1338378021136877,0.1378634578607818,133.02166991500027
262,-0.1008592838952516,-0.0210736180794365,133.409369691667
263,-0.0502558693614728,-1.2961663630850455,133.83021044333387
264,-0.0607964749301367,-0.9568267081963256,134.22399090666633
265,-0.050797959033479,0.0869436413029882,134.6528612383331
266,-0.0446554211324992,0.0317435371530975,134.95539936999947
267,-0.0492290498863192,0.0043083010657512,135.2787652633347
268,-0.0543416031790857,0.0986809990566937,135.62080147999805
269,-0.0632120708701141,0.0945479119236164,135.95393176666693
270,-0.0619968376685171,-0.0653133822684275,136.2991347349986
271,-0.0608600037858048,-0.0781133137722598,136.64352980833112
272,-0.0771069334851617,-0.051457794795328,137.01410572999933
273,-0.0807949102685806,-0.2851533509275697,137.37556681000083
274,-0.0862384860439503,-0.3366543822862366,137.68701787999987
275,-0.0831516938886426,-0.0618683653903451,137.99459195499853
276,-0.06964680545785,-0.0561271533627617,138.31746329000063
277,-0.0460278647733812,-0.2656870512212527,138.6525081766653
278,-0.040446553883004,-0.125205788467119,138.98183434666524
279,-0.0310923555802474,0.0281269394307139,139.3129038066681
280,-0.0396267918354653,-0.0597707980153884,139.70351755000107
281,-0.046821756914575,-0.1243274653251183,140.09854295166443
282,-0.0458535086391295,-0.0543443427024845,140.48353622000045
283,-0.0463686480075913,-0.015866194193826,140.7757939566664
284,-0.0498766260649612,-0.107666906283455,141.06685987333378
285,-0.0481988743752082,-0.0789993515406596,141.365976051668
286,-0.0792771764139228,-0.0914476992641674,141.69596700333446
287,-0.065146232843399,-0.0740619786797051,142.0179157266665
288,-0.0589555530971352,-0.2685037131678868,142.3462470683347
289,-0.0667452426793727,-0.1792472301368066,142.67010603333281
290,-0.0801910678796628,-0.2831289764771119,143.02524274166595
291,-0.0842353263766841,-0.5499474955643429,143.34723315833446
292,-0.0700128063876578,-0.1705880482938695,143.664472989998
293,-0.0510789019190409,-0.0820937816410305,144.01669764166775
294,-0.0519514283363489,0.0517529017470301,144.34363342499904
295,-0.0564107089886005,0.1417441964010767,144.68564764833232
296,-0.0579369036330187,0.03723552418734,145.03196202166535
297,-0.0609908229413818,0.07039111324368,145.3412460033316
298,-0.0669113388879502,0.0564458383514763,145.66553101666506
299,-0.0679365514091988,0.1243118474304557,146.01628463000137
